-- --------------------------------------------------------
-- Hôte :                        127.0.0.1
-- Version du serveur:           5.7.14 - MySQL Community Server (GPL)
-- SE du serveur:                Win64
-- HeidiSQL Version:             9.4.0.5125
-- --------------------------------------------------------

/*!40101 SET @OLD_CHARACTER_SET_CLIENT=@@CHARACTER_SET_CLIENT */;
/*!40101 SET NAMES utf8 */;
/*!50503 SET NAMES utf8mb4 */;
/*!40014 SET @OLD_FOREIGN_KEY_CHECKS=@@FOREIGN_KEY_CHECKS, FOREIGN_KEY_CHECKS=0 */;
/*!40101 SET @OLD_SQL_MODE=@@SQL_MODE, SQL_MODE='NO_AUTO_VALUE_ON_ZERO' */;

-- Export de données de la table technewssf.auteur : ~0 rows (environ)
/*!40000 ALTER TABLE `auteur` DISABLE KEYS */;
INSERT INTO `auteur` (`id`, `prenom`, `nom`, `email`, `password`, `dateinscription`, `roles`, `derniereconnexion`) VALUES
	(1, 'Hugo', 'LIEGEARD', 'wf3@hl-media.fr', 'test', '0000-00-00 00:00:00', 'N;', NULL),
	(2, 'PEREZ', 'Sylviane', 'sylviane.perez@wf3.fr', 'test', '0000-00-00 00:00:00', 'N;', NULL);
/*!40000 ALTER TABLE `auteur` ENABLE KEYS */;

-- Export de données de la table technews-rouen.categorie : ~4 rows (environ)
/*!40000 ALTER TABLE `categorie` DISABLE KEYS */;
INSERT INTO `categorie` (`id`, `libelle`) VALUES
	(1, 'Business'),
	(2, 'Computing'),
	(3, 'Tech'),
	(4, 'Politique');
/*!40000 ALTER TABLE `categorie` ENABLE KEYS */;

-- Export de données de la table technews-rouen.article : ~6 rows (environ)
/*!40000 ALTER TABLE `article` DISABLE KEYS */;
INSERT INTO `article` (`id`, `auteur_id`, `categorie_id`, `titre`, `contenu`, `featuredimage`, `special`, `spotlight`, `datecreation`) VALUES
	(1, 1, 2, 'Tip Aligning Digital Marketing with Business Goals and Objectives', ' <p> <span class="dropcap ">N</span>ulla quis lorem ut libero malesuada feugiat. Cras ultricies ligula sed magna dictum porta. Vestibulum ante ipsum primis in faucibus orci luctus et ultrices posuere cubilia Curae; Donec velit neque, auctor sit amet aliquam vel, ullamcorper sit amet ligula. Sed porttitor lectus nibh.</p><p>Quisque velit nisi, pretium ut lacinia in, elementum id enim. Curabitur arcu erat, accumsan id imperdiet et, porttitor at sem. Mauris blandit aliquet elit, eget tincidunt nibh pulvinar a. Pellentesque in ipsum id orci porta dapibus.</p><div class="post-detail-img"><img alt="" src="http://localhost/POO/technews/public/images/product/4.jpg" /></div><p class="quote">Sed porttitor lectus nibh. Sed porttitor lectus nibh. Sed porttitor lectus nibh. Quisque velit nisi, pretium ut lacinia in, elementum id enim.</p><p>Curabitur aliquet quam id dui posuere blandit. Sed porttitor lectus nibh. Sed porttitor lectus nibh. Pellentesque in ipsum id orci porta dapibus.</p>', '3.jpg', 0, 1, '2017-02-26 09:37:18'),
	(2, 2, 3, 'Six big ways MacOS Sierra is going to change your Apple experience', ' <p> <span class="dropcap ">N</span>ulla quis lorem ut libero malesuada feugiat. Cras ultricies ligula sed magna dictum porta. Vestibulum ante ipsum primis in faucibus orci luctus et ultrices posuere cubilia Curae; Donec velit neque, auctor sit amet aliquam vel, ullamcorper sit amet ligula. Sed porttitor lectus nibh.</p><p>Quisque velit nisi, pretium ut lacinia in, elementum id enim. Curabitur arcu erat, accumsan id imperdiet et, porttitor at sem. Mauris blandit aliquet elit, eget tincidunt nibh pulvinar a. Pellentesque in ipsum id orci porta dapibus.</p><div class="post-detail-img"><img alt="" src="http://localhost/POO/technews/public/images/product/4.jpg" /></div><p class="quote">Sed porttitor lectus nibh. Sed porttitor lectus nibh. Sed porttitor lectus nibh. Quisque velit nisi, pretium ut lacinia in, elementum id enim.</p><p>Curabitur aliquet quam id dui posuere blandit. Sed porttitor lectus nibh. Sed porttitor lectus nibh. Pellentesque in ipsum id orci porta dapibus.</p>', '4.jpg', 0, 0, '2017-02-26 11:19:18'),
	(3, 2, 2, 'Will Anker be the company to finally put a heads-up display in my car', ' <p> <span class="dropcap ">N</span>ulla quis lorem ut libero malesuada feugiat. Cras ultricies ligula sed magna dictum porta. Vestibulum ante ipsum primis in faucibus orci luctus et ultrices posuere cubilia Curae; Donec velit neque, auctor sit amet aliquam vel, ullamcorper sit amet ligula. Sed porttitor lectus nibh.</p><p>Quisque velit nisi, pretium ut lacinia in, elementum id enim. Curabitur arcu erat, accumsan id imperdiet et, porttitor at sem. Mauris blandit aliquet elit, eget tincidunt nibh pulvinar a. Pellentesque in ipsum id orci porta dapibus.</p><div class="post-detail-img"><img alt="" src="http://localhost/POO/technews/public/images/product/4.jpg" /></div><p class="quote">Sed porttitor lectus nibh. Sed porttitor lectus nibh. Sed porttitor lectus nibh. Quisque velit nisi, pretium ut lacinia in, elementum id enim.</p><p>Curabitur aliquet quam id dui posuere blandit. Sed porttitor lectus nibh. Sed porttitor lectus nibh. Pellentesque in ipsum id orci porta dapibus.</p>', '5.jpg', 1, 0, '2017-02-26 11:53:18'),
	(4, 1, 3, 'Windows 10 Now Running on 400 Million Active Devices, Says Microsoft', ' <p> <span class="dropcap ">N</span>ulla quis lorem ut libero malesuada feugiat. Cras ultricies ligula sed magna dictum porta. Vestibulum ante ipsum primis in faucibus orci luctus et ultrices posuere cubilia Curae; Donec velit neque, auctor sit amet aliquam vel, ullamcorper sit amet ligula. Sed porttitor lectus nibh.</p><p>Quisque velit nisi, pretium ut lacinia in, elementum id enim. Curabitur arcu erat, accumsan id imperdiet et, porttitor at sem. Mauris blandit aliquet elit, eget tincidunt nibh pulvinar a. Pellentesque in ipsum id orci porta dapibus.</p><div class="post-detail-img"><img alt="" src="http://localhost/POO/technews/public/images/product/4.jpg" /></div><p class="quote">Sed porttitor lectus nibh. Sed porttitor lectus nibh. Sed porttitor lectus nibh. Quisque velit nisi, pretium ut lacinia in, elementum id enim.</p><p>Curabitur aliquet quam id dui posuere blandit. Sed porttitor lectus nibh. Sed porttitor lectus nibh. Pellentesque in ipsum id orci porta dapibus.</p>', '1.jpg', 0, 0, '2017-02-26 11:53:18'),
	(5, 1, 3, '400 million machines are now running Windows 10', ' <p> <span class="dropcap ">N</span>ulla quis lorem ut libero malesuada feugiat. Cras ultricies ligula sed magna dictum porta. Vestibulum ante ipsum primis in faucibus orci luctus et ultrices posuere cubilia Curae; Donec velit neque, auctor sit amet aliquam vel, ullamcorper sit amet ligula. Sed porttitor lectus nibh.</p><p>Quisque velit nisi, pretium ut lacinia in, elementum id enim. Curabitur arcu erat, accumsan id imperdiet et, porttitor at sem. Mauris blandit aliquet elit, eget tincidunt nibh pulvinar a. Pellentesque in ipsum id orci porta dapibus.</p><div class="post-detail-img"><img alt="" src="http://localhost/POO/technews/public/images/product/4.jpg" /></div><p class="quote">Sed porttitor lectus nibh. Sed porttitor lectus nibh. Sed porttitor lectus nibh. Quisque velit nisi, pretium ut lacinia in, elementum id enim.</p><p>Curabitur aliquet quam id dui posuere blandit. Sed porttitor lectus nibh. Sed porttitor lectus nibh. Pellentesque in ipsum id orci porta dapibus.</p>', '7.jpg', 0, 1, '2017-02-26 11:53:18'),
	(6, 2, 2, '7 essential lessons from agency marketing to startup growth', ' <p> <span class="dropcap ">N</span>ulla quis lorem ut libero malesuada feugiat. Cras ultricies ligula sed magna dictum porta. Vestibulum ante ipsum primis in faucibus orci luctus et ultrices posuere cubilia Curae; Donec velit neque, auctor sit amet aliquam vel, ullamcorper sit amet ligula. Sed porttitor lectus nibh.</p><p>Quisque velit nisi, pretium ut lacinia in, elementum id enim. Curabitur arcu erat, accumsan id imperdiet et, porttitor at sem. Mauris blandit aliquet elit, eget tincidunt nibh pulvinar a. Pellentesque in ipsum id orci porta dapibus.</p><div class="post-detail-img"><img alt="" src="http://localhost/POO/technews/public/images/product/4.jpg" /></div><p class="quote">Sed porttitor lectus nibh. Sed porttitor lectus nibh. Sed porttitor lectus nibh. Quisque velit nisi, pretium ut lacinia in, elementum id enim.</p><p>Curabitur aliquet quam id dui posuere blandit. Sed porttitor lectus nibh. Sed porttitor lectus nibh. Pellentesque in ipsum id orci porta dapibus.</p>', '6.jpg', 0, 0, '2017-02-26 11:53:18');
/*!40000 ALTER TABLE `article` ENABLE KEYS */;

/*!40101 SET SQL_MODE=IFNULL(@OLD_SQL_MODE, '') */;
/*!40014 SET FOREIGN_KEY_CHECKS=IF(@OLD_FOREIGN_KEY_CHECKS IS NULL, 1, @OLD_FOREIGN_KEY_CHECKS) */;
/*!40101 SET CHARACTER_SET_CLIENT=@OLD_CHARACTER_SET_CLIENT */;
